living_method,sector,living_year,bone_window,taxon,living_relative,bone_relative,difference
aerial,Eastern,2002,0,Aepyceros melampus,0.10481283422459893,0.043478260869565216,-0.061334573355033714
aerial,Eastern,2002,0,Alcelaphus buselaphus,0.009625668449197862,0.0,-0.009625668449197862
aerial,Eastern,2002,0,Diceros bicornis,0.0,0.0,0.0
aerial,Eastern,2002,0,Equus burchellii,0.5251336898395722,0.5652173913043478,0.04008370146477558
aerial,Eastern,2002,0,Eudorcas thomsonii,0.014973262032085561,0.21739130434782608,0.2024180423157405
aerial,Eastern,2002,0,Giraffa camelopardalis,0.08663101604278074,0.043478260869565216,-0.043152755173215526
aerial,Eastern,2002,0,Kobus ellipsiprymnus,0.038502673796791446,0.0,-0.038502673796791446
aerial,Eastern,2002,0,Loxodonta africana,0.03636363636363636,0.0,-0.03636363636363636
aerial,Eastern,2002,0,Nanger granti,0.0855614973262032,0.0,-0.0855614973262032
aerial,Eastern,2002,0,Oryx beisa,0.008556149732620321,0.0,-0.008556149732620321
aerial,Eastern,2002,0,Phacochoerus africanus,0.0,0.13043478260869565,0.13043478260869565
aerial,Eastern,2002,0,Redunca redunca,0.0,0.0,0.0
aerial,Eastern,2002,0,Syncerus caffer,0.07593582887700535,0.0,-0.07593582887700535
aerial,Eastern,2002,0,Taurotragus oryx,0.013903743315508022,0.0,-0.013903743315508022
aerial,Eastern,2002,0,Tragelaphus scriptus,0.0,0.0,0.0
aerial,Eastern,2003,0,Aepyceros melampus,0.20531154239019409,0.0,-0.20531154239019409
aerial,Eastern,2003,0,Alcelaphus buselaphus,0.0,0.1,0.1
aerial,Eastern,2003,0,Diceros bicornis,0.0,0.0,0.0
aerial,Eastern,2003,0,Equus burchellii,0.372829417773238,0.6,0.22717058222676195
aerial,Eastern,2003,0,Eudorcas thomsonii,0.05005107252298264,0.0,-0.05005107252298264
aerial,Eastern,2003,0,Giraffa camelopardalis,0.10214504596527069,0.0,-0.10214504596527069
aerial,Eastern,2003,0,Kobus ellipsiprymnus,0.03575076608784474,0.0,-0.03575076608784474
aerial,Eastern,2003,0,Loxodonta africana,0.030643513789581207,0.0,-0.030643513789581207
aerial,Eastern,2003,0,Nanger granti,0.07252298263534218,0.1,0.027477017364657824
aerial,Eastern,2003,0,Oryx beisa,0.0,0.0,0.0
aerial,Eastern,2003,0,Phacochoerus africanus,0.0040858018386108275,0.1,0.09591419816138917
aerial,Eastern,2003,0,Redunca redunca,0.0,0.0,0.0
aerial,Eastern,2003,0,Syncerus caffer,0.11338100102145046,0.1,-0.013381001021450456
aerial,Eastern,2003,0,Taurotragus oryx,0.013278855975485188,0.0,-0.013278855975485188
aerial,Eastern,2003,0,Tragelaphus scriptus,0.0,0.0,0.0
aerial,Eastern,2006,0,Aepyceros melampus,0.1843207660083782,0.15384615384615385,-0.030474612162224357
aerial,Eastern,2006,0,Alcelaphus buselaphus,0.005385996409335727,0.0,-0.005385996409335727
aerial,Eastern,2006,0,Diceros bicornis,0.006582884500299222,0.0,-0.006582884500299222
aerial,Eastern,2006,0,Equus burchellii,0.16098144823459007,0.5384615384615384,0.3774800902269484
aerial,Eastern,2006,0,Eudorcas thomsonii,0.01376421304608019,0.07692307692307693,0.06315886387699673
aerial,Eastern,2006,0,Giraffa camelopardalis,0.03052064631956912,0.0,-0.03052064631956912
aerial,Eastern,2006,0,Kobus ellipsiprymnus,0.06941950927588271,0.0,-0.06941950927588271
aerial,Eastern,2006,0,Loxodonta africana,0.01436265709156194,0.0,-0.01436265709156194
aerial,Eastern,2006,0,Nanger granti,0.10173548773189707,0.0,-0.10173548773189707
aerial,Eastern,2006,0,Oryx beisa,0.0011968880909634949,0.07692307692307693,0.07572618883211343
aerial,Eastern,2006,0,Phacochoerus africanus,0.029922202274087373,0.07692307692307693,0.047000874648989555
aerial,Eastern,2006,0,Redunca redunca,0.0,0.0,0.0
aerial,Eastern,2006,0,Syncerus caffer,0.37881508078994613,0.07692307692307693,-0.3018920038668692
aerial,Eastern,2006,0,Taurotragus oryx,0.0023937761819269898,0.0,-0.0023937761819269898
aerial,Eastern,2006,0,Tragelaphus scriptus,0.0005984440454817474,0.0,-0.0005984440454817474
aerial,Eastern,2008,0,Aepyceros melampus,0.17150063051702397,0.0,-0.17150063051702397
aerial,Eastern,2008,0,Alcelaphus buselaphus,0.005044136191677175,0.0,-0.005044136191677175
aerial,Eastern,2008,0,Diceros bicornis,0.005044136191677175,0.0,-0.005044136191677175
aerial,Eastern,2008,0,Equus burchellii,0.30668348045397226,0.18181818181818182,-0.12486529863579043
aerial,Eastern,2008,0,Eudorcas thomsonii,0.1064312736443884,0.36363636363636365,0.2572050899919752
aerial,Eastern,2008,0,Giraffa camelopardalis,0.023707440100882726,0.0,-0.023707440100882726
aerial,Eastern,2008,0,Kobus ellipsiprymnus,0.0244640605296343,0.0,-0.0244640605296343
aerial,Eastern,2008,0,Loxodonta africana,0.023707440100882726,0.0,-0.023707440100882726
aerial,Eastern,2008,0,Nanger granti,0.05372005044136192,0.0,-0.05372005044136192
aerial,Eastern,2008,0,Oryx beisa,0.003026481715006305,0.0,-0.003026481715006305
aerial,Eastern,2008,0,Phacochoerus africanus,0.036065573770491806,0.45454545454545453,0.41847988077496273
aerial,Eastern,2008,0,Redunca redunca,0.0,0.0,0.0
aerial,Eastern,2008,0,Syncerus caffer,0.2116015132408575,0.0,-0.2116015132408575
aerial,Eastern,2008,0,Taurotragus oryx,0.027994955863808322,0.0,-0.027994955863808322
aerial,Eastern,2008,0,Tragelaphus scriptus,0.001008827238335435,0.0,-0.001008827238335435
aerial,Eastern,2010,0,Aepyceros melampus,0.2238311956971452,0.0,-0.2238311956971452
aerial,Eastern,2010,0,Alcelaphus buselaphus,0.02772031443938767,0.2,0.17227968556061235
aerial,Eastern,2010,0,Diceros bicornis,0.011584609019445594,0.0,-0.011584609019445594
aerial,Eastern,2010,0,Equus burchellii,0.22176251551510137,0.0,-0.22176251551510137
aerial,Eastern,2010,0,Eudorcas thomsonii,0.11625982623086471,0.4,0.2837401737691353
aerial,Eastern,2010,0,Giraffa camelopardalis,0.0244104261481175,0.0,-0.0244104261481175
aerial,Eastern,2010,0,Kobus ellipsiprymnus,0.04054613156805958,0.0,-0.04054613156805958
aerial,Eastern,2010,0,Loxodonta africana,0.007447248655357882,0.0,-0.007447248655357882
aerial,Eastern,2010,0,Nanger granti,0.09557302441042614,0.0,-0.09557302441042614
aerial,Eastern,2010,0,Oryx beisa,0.004964832436905255,0.0,-0.004964832436905255
aerial,Eastern,2010,0,Phacochoerus africanus,0.06909391808026479,0.4,0.33090608191973525
aerial,Eastern,2010,0,Redunca redunca,0.0,0.0,0.0
aerial,Eastern,2010,0,Syncerus caffer,0.15432354158047165,0.0,-0.15432354158047165
aerial,Eastern,2010,0,Taurotragus oryx,0.0024824162184526274,0.0,-0.0024824162184526274
aerial,Eastern,2010,0,Tragelaphus scriptus,0.0,0.0,0.0
aerial,Eastern,2013,0,Aepyceros melampus,0.2959910078681154,0.045454545454545456,-0.2505364624135699
aerial,Eastern,2013,0,Alcelaphus buselaphus,0.03372049456725365,0.0,-0.03372049456725365
aerial,Eastern,2013,0,Diceros bicornis,0.012364181341326339,0.0,-0.012364181341326339
aerial,Eastern,2013,0,Equus burchellii,0.19482952416635443,0.5909090909090909,0.3960795667427365
aerial,Eastern,2013,0,Eudorcas thomsonii,0.06669164481079055,0.045454545454545456,-0.021237099356245098
aerial,Eastern,2013,0,Giraffa camelopardalis,0.008242787560884226,0.0,-0.008242787560884226
aerial,Eastern,2013,0,Kobus ellipsiprymnus,0.024353690520794304,0.045454545454545456,0.02110085493375115
aerial,Eastern,2013,0,Loxodonta africana,0.015736230798051705,0.0,-0.015736230798051705
aerial,Eastern,2013,0,Nanger granti,0.06706631697264893,0.045454545454545456,-0.02161177151810348
aerial,Eastern,2013,0,Oryx beisa,0.0029973772948669914,0.0,-0.0029973772948669914
aerial,Eastern,2013,0,Phacochoerus africanus,0.05919820157362308,0.045454545454545456,-0.013743656119077623
aerial,Eastern,2013,0,Redunca redunca,0.0003746721618583739,0.0,-0.0003746721618583739
aerial,Eastern,2013,0,Syncerus caffer,0.20532034469838892,0.18181818181818182,-0.023502162880207095
aerial,Eastern,2013,0,Taurotragus oryx,0.013113525665043087,0.0,-0.013113525665043087
aerial,Eastern,2013,0,Tragelaphus scriptus,0.0,0.0,0.0
aerial,Eastern,2014,0,Aepyceros melampus,0.21962350256702795,0.13043478260869565,-0.0891887199583323
aerial,Eastern,2014,0,Alcelaphus buselaphus,0.01026811180832858,0.0,-0.01026811180832858
aerial,Eastern,2014,0,Diceros bicornis,0.005419281232173417,0.0,-0.005419281232173417
aerial,Eastern,2014,0,Equus burchellii,0.24957216200798632,0.34782608695652173,0.09825392494853541
aerial,Eastern,2014,0,Eudorcas thomsonii,0.09070165430690245,0.043478260869565216,-0.04722339343733724
aerial,Eastern,2014,0,Giraffa camelopardalis,0.015116942384483743,0.0,-0.015116942384483743
aerial,Eastern,2014,0,Kobus ellipsiprymnus,0.030233884768967486,0.0,-0.030233884768967486
aerial,Eastern,2014,0,Loxodonta africana,0.014831717056474614,0.0,-0.014831717056474614
aerial,Eastern,2014,0,Nanger granti,0.03793496862521392,0.13043478260869565,0.09249981398348173
aerial,Eastern,2014,0,Oryx beisa,0.0019965772960638907,0.0,-0.0019965772960638907
aerial,Eastern,2014,0,Phacochoerus africanus,0.06588705077010838,0.17391304347826086,0.10802599270815248
aerial,Eastern,2014,0,Redunca redunca,0.0002852253280091272,0.0,-0.0002852253280091272
aerial,Eastern,2014,0,Syncerus caffer,0.24130062749572162,0.17391304347826086,-0.06738758401746076
aerial,Eastern,2014,0,Taurotragus oryx,0.016828294352538506,0.0,-0.016828294352538506
aerial,Eastern,2014,0,Tragelaphus scriptus,0.0,0.0,0.0
aerial,Western,2006,0,Aepyceros melampus,0.08933274802458296,0.25,0.16066725197541704
aerial,Western,2006,0,Alcelaphus buselaphus,0.026777875329236173,0.0,-0.026777875329236173
aerial,Western,2006,0,Diceros bicornis,0.0,0.0,0.0
aerial,Western,2006,0,Equus burchellii,0.5693590869183495,0.5,-0.06935908691834947
aerial,Western,2006,0,Eudorcas thomsonii,0.0840649692712906,0.0,-0.0840649692712906
aerial,Western,2006,0,Giraffa camelopardalis,0.012291483757682178,0.0,-0.012291483757682178
aerial,Western,2006,0,Kobus ellipsiprymnus,0.003511852502194908,0.0,-0.003511852502194908
aerial,Western,2006,0,Loxodonta africana,0.03753292361720808,0.0,-0.03753292361720808
aerial,Western,2006,0,Nanger granti,0.07352941176470588,0.25,0.1764705882352941
aerial,Western,2006,0,Oryx beisa,0.0,0.0,0.0
aerial,Western,2006,0,Phacochoerus africanus,0.0,0.0,0.0
aerial,Western,2006,0,Redunca redunca,0.00021949078138718174,0.0,-0.00021949078138718174
aerial,Western,2006,0,Syncerus caffer,0.06255487269534679,0.0,-0.06255487269534679
aerial,Western,2006,0,Taurotragus oryx,0.040825285338015806,0.0,-0.040825285338015806
aerial,Western,2006,0,Tragelaphus scriptus,0.0,0.0,0.0
aerial,Western,2008,0,Aepyceros melampus,0.2505047106325707,0.0,-0.2505047106325707
aerial,Western,2008,0,Alcelaphus buselaphus,0.013627187079407806,0.25,0.2363728129205922
aerial,Western,2008,0,Diceros bicornis,0.001009421265141319,0.0,-0.001009421265141319
aerial,Western,2008,0,Equus burchellii,0.41874158815612383,0.5,0.08125841184387617
aerial,Western,2008,0,Eudorcas thomsonii,0.08395020188425303,0.0,-0.08395020188425303
aerial,Western,2008,0,Giraffa camelopardalis,0.013122476446837146,0.0,-0.013122476446837146
aerial,Western,2008,0,Kobus ellipsiprymnus,0.008916554508748318,0.0,-0.008916554508748318
aerial,Western,2008,0,Loxodonta africana,0.0,0.0,0.0
aerial,Western,2008,0,Nanger granti,0.09959623149394348,0.0,-0.09959623149394348
aerial,Western,2008,0,Oryx beisa,0.0,0.0,0.0
aerial,Western,2008,0,Phacochoerus africanus,0.01059892328398385,0.25,0.23940107671601615
aerial,Western,2008,0,Redunca redunca,0.0,0.0,0.0
aerial,Western,2008,0,Syncerus caffer,0.08142664872139974,0.0,-0.08142664872139974
aerial,Western,2008,0,Taurotragus oryx,0.01850605652759085,0.0,-0.01850605652759085
aerial,Western,2008,0,Tragelaphus scriptus,0.0,0.0,0.0
aerial,Western,2010,0,Aepyceros melampus,0.20950943396226415,0.0,-0.20950943396226415
aerial,Western,2010,0,Alcelaphus buselaphus,0.00739622641509434,0.0,-0.00739622641509434
aerial,Western,2010,0,Diceros bicornis,0.0028679245283018866,0.0,-0.0028679245283018866
aerial,Western,2010,0,Equus burchellii,0.5077735849056604,0.0,-0.5077735849056604
aerial,Western,2010,0,Eudorcas thomsonii,0.07833962264150944,1.0,0.9216603773584906
aerial,Western,2010,0,Giraffa camelopardalis,0.01569811320754717,0.0,-0.01569811320754717
aerial,Western,2010,0,Kobus ellipsiprymnus,0.007547169811320755,0.0,-0.007547169811320755
aerial,Western,2010,0,Loxodonta africana,0.028830188679245285,0.0,-0.028830188679245285
aerial,Western,2010,0,Nanger granti,0.05252830188679245,0.0,-0.05252830188679245
aerial,Western,2010,0,Oryx beisa,0.0,0.0,0.0
aerial,Western,2010,0,Phacochoerus africanus,0.03139622641509434,0.0,-0.03139622641509434
aerial,Western,2010,0,Redunca redunca,0.0,0.0,0.0
aerial,Western,2010,0,Syncerus caffer,0.03471698113207547,0.0,-0.03471698113207547
aerial,Western,2010,0,Taurotragus oryx,0.02339622641509434,0.0,-0.02339622641509434
aerial,Western,2010,0,Tragelaphus scriptus,0.0,0.0,0.0
aerial,Western,2013,0,Aepyceros melampus,0.22487355725586824,0.047619047619047616,-0.17725450963682063
aerial,Western,2013,0,Alcelaphus buselaphus,0.0040202308390610815,0.0,-0.0040202308390610815
aerial,Western,2013,0,Diceros bicornis,0.00363117624173259,0.0,-0.00363117624173259
aerial,Western,2013,0,Equus burchellii,0.3510569316560757,0.6190476190476191,0.26799068739154336
aerial,Western,2013,0,Eudorcas thomsonii,0.094929321748152,0.0,-0.094929321748152
aerial,Western,2013,0,Giraffa camelopardalis,0.018933990403319934,0.09523809523809523,0.0763041048347753
aerial,Western,2013,0,Kobus ellipsiprymnus,0.009207625470107639,0.0,-0.009207625470107639
aerial,Western,2013,0,Loxodonta africana,0.022565166645052523,0.0,-0.022565166645052523
aerial,Western,2013,0,Nanger granti,0.05770976527039295,0.047619047619047616,-0.010090717651345331
aerial,Western,2013,0,Oryx beisa,0.00025936973155232785,0.0,-0.00025936973155232785
aerial,Western,2013,0,Phacochoerus africanus,0.035793022954221244,0.047619047619047616,0.011826024664826372
aerial,Western,2013,0,Redunca redunca,0.00012968486577616392,0.0,-0.00012968486577616392
aerial,Western,2013,0,Syncerus caffer,0.1488782259110362,0.09523809523809523,-0.05364013067294096
aerial,Western,2013,0,Taurotragus oryx,0.028011931007651408,0.047619047619047616,0.01960711661139621
aerial,Western,2013,0,Tragelaphus scriptus,0.0,0.0,0.0
aerial,Western,2014,0,Aepyceros melampus,0.20860617399438727,0.02564102564102564,-0.18296514835336164
aerial,Western,2014,0,Alcelaphus buselaphus,0.011225444340505144,0.0,-0.011225444340505144
aerial,Western,2014,0,Diceros bicornis,0.003585905830994699,0.0,-0.003585905830994699
aerial,Western,2014,0,Equus burchellii,0.3559401309635173,0.6153846153846154,0.25944448442109813
aerial,Western,2014,0,Eudorcas thomsonii,0.09619582164016215,0.0,-0.09619582164016215
aerial,Western,2014,0,Giraffa camelopardalis,0.02432179607109448,0.0,-0.02432179607109448
aerial,Western,2014,0,Kobus ellipsiprymnus,0.011381353289678828,0.0,-0.011381353289678828
aerial,Western,2014,0,Loxodonta africana,0.0205799812909261,0.0,-0.0205799812909261
aerial,Western,2014,0,Nanger granti,0.061116308076083564,0.0,-0.061116308076083564
aerial,Western,2014,0,Oryx beisa,0.0,0.02564102564102564,0.02564102564102564
aerial,Western,2014,0,Phacochoerus africanus,0.05222949797318366,0.15384615384615385,0.1016166558729702
aerial,Western,2014,0,Redunca redunca,0.0,0.0,0.0
aerial,Western,2014,0,Syncerus caffer,0.13376987839101964,0.15384615384615385,0.020076275455134213
aerial,Western,2014,0,Taurotragus oryx,0.021047708138447148,0.02564102564102564,0.004593317502578492
aerial,Western,2014,0,Tragelaphus scriptus,0.0,0.0,0.0
ground,Eastern,1998,0,Aepyceros melampus,0.13850415512465375,0.12,-0.018504155124653754
ground,Eastern,1998,0,Alcelaphus buselaphus,0.018836565096952907,0.0,-0.018836565096952907
ground,Eastern,1998,0,Diceros bicornis,0.006094182825484765,0.0,-0.006094182825484765
ground,Eastern,1998,0,Equus burchellii,0.28919667590027703,0.4,0.11080332409972299
ground,Eastern,1998,0,Eudorcas thomsonii,0.055401662049861494,0.0,-0.055401662049861494
ground,Eastern,1998,0,Giraffa camelopardalis,0.07534626038781163,0.04,-0.03534626038781163
ground,Eastern,1998,0,Kobus ellipsiprymnus,0.10858725761772853,0.2,0.09141274238227148
ground,Eastern,1998,0,Loxodonta africana,0.024653739612188367,0.0,-0.024653739612188367
ground,Eastern,1998,0,Nanger granti,0.045706371191135735,0.04,-0.005706371191135734
ground,Eastern,1998,0,Oryx beisa,0.014404432132963989,0.0,-0.014404432132963989
ground,Eastern,1998,0,Phacochoerus africanus,0.10581717451523545,0.12,0.014182825484764544
ground,Eastern,1998,0,Redunca redunca,0.004155124653739612,0.04,0.03584487534626039
ground,Eastern,1998,0,Syncerus caffer,0.09916897506925208,0.0,-0.09916897506925208
ground,Eastern,1998,0,Taurotragus oryx,0.014127423822714681,0.04,0.02587257617728532
ground,Eastern,2002,0,Aepyceros melampus,0.09124537607891492,0.043478260869565216,-0.0477671152093497
ground,Eastern,2002,0,Alcelaphus buselaphus,0.02096177558569667,0.0,-0.02096177558569667
ground,Eastern,2002,0,Diceros bicornis,0.0,0.0,0.0
ground,Eastern,2002,0,Equus burchellii,0.21701602959309493,0.5652173913043478,0.3482013617112528
ground,Eastern,2002,0,Eudorcas thomsonii,0.16646115906288533,0.21739130434782608,0.05093014528494075
ground,Eastern,2002,0,Giraffa camelopardalis,0.09617755856966707,0.043478260869565216,-0.05269929770010186
ground,Eastern,2002,0,Kobus ellipsiprymnus,0.035758323057953144,0.0,-0.035758323057953144
ground,Eastern,2002,0,Loxodonta africana,0.0012330456226880395,0.0,-0.0012330456226880395
ground,Eastern,2002,0,Nanger granti,0.10110974106041924,0.0,-0.10110974106041924
ground,Eastern,2002,0,Oryx beisa,0.027127003699136867,0.0,-0.027127003699136867
ground,Eastern,2002,0,Phacochoerus africanus,0.20838471023427868,0.13043478260869565,-0.07794992762558303
ground,Eastern,2002,0,Redunca redunca,0.006165228113440197,0.0,-0.006165228113440197
ground,Eastern,2002,0,Syncerus caffer,0.016029593094944512,0.0,-0.016029593094944512
ground,Eastern,2002,0,Taurotragus oryx,0.012330456226880395,0.0,-0.012330456226880395
ground,Eastern,2003,0,Aepyceros melampus,0.10658379373848988,0.0,-0.10658379373848988
ground,Eastern,2003,0,Alcelaphus buselaphus,0.003913443830570903,0.1,0.0960865561694291
ground,Eastern,2003,0,Diceros bicornis,0.0,0.0,0.0
ground,Eastern,2003,0,Equus burchellii,0.3683241252302026,0.6,0.2316758747697974
ground,Eastern,2003,0,Eudorcas thomsonii,0.062154696132596686,0.0,-0.062154696132596686
ground,Eastern,2003,0,Giraffa camelopardalis,0.017265193370165747,0.0,-0.017265193370165747
ground,Eastern,2003,0,Kobus ellipsiprymnus,0.011970534069981584,0.0,-0.011970534069981584
ground,Eastern,2003,0,Loxodonta africana,0.007596685082872928,0.0,-0.007596685082872928
ground,Eastern,2003,0,Nanger granti,0.10128913443830571,0.1,-0.0012891344383057085
ground,Eastern,2003,0,Oryx beisa,0.006906077348066298,0.0,-0.006906077348066298
ground,Eastern,2003,0,Phacochoerus africanus,0.06537753222836096,0.1,0.03462246777163905
ground,Eastern,2003,0,Redunca redunca,0.0,0.0,0.0
ground,Eastern,2003,0,Syncerus caffer,0.23756906077348067,0.1,-0.13756906077348066
ground,Eastern,2003,0,Taurotragus oryx,0.011049723756906077,0.0,-0.011049723756906077
aerial,Eastern,2002,1,Aepyceros melampus,0.10481283422459893,0.030303030303030304,-0.07450980392156863
aerial,Eastern,2002,1,Alcelaphus buselaphus,0.009625668449197862,0.030303030303030304,0.02067736185383244
aerial,Eastern,2002,1,Diceros bicornis,0.0,0.0,0.0
aerial,Eastern,2002,1,Equus burchellii,0.5251336898395722,0.5757575757575758,0.0506238859180036
aerial,Eastern,2002,1,Eudorcas thomsonii,0.014973262032085561,0.15151515151515152,0.13654188948306595
aerial,Eastern,2002,1,Giraffa camelopardalis,0.08663101604278074,0.030303030303030304,-0.05632798573975044
aerial,Eastern,2002,1,Kobus ellipsiprymnus,0.038502673796791446,0.0,-0.038502673796791446
aerial,Eastern,2002,1,Loxodonta africana,0.03636363636363636,0.0,-0.03636363636363636
aerial,Eastern,2002,1,Nanger granti,0.0855614973262032,0.030303030303030304,-0.0552584670231729
aerial,Eastern,2002,1,Oryx beisa,0.008556149732620321,0.0,-0.008556149732620321
aerial,Eastern,2002,1,Phacochoerus africanus,0.0,0.12121212121212122,0.12121212121212122
aerial,Eastern,2002,1,Redunca redunca,0.0,0.0,0.0
aerial,Eastern,2002,1,Syncerus caffer,0.07593582887700535,0.030303030303030304,-0.04563279857397505
aerial,Eastern,2002,1,Taurotragus oryx,0.013903743315508022,0.0,-0.013903743315508022
aerial,Eastern,2002,1,Tragelaphus scriptus,0.0,0.0,0.0
aerial,Eastern,2003,1,Aepyceros melampus,0.20531154239019409,0.030303030303030304,-0.17500851208716378
aerial,Eastern,2003,1,Alcelaphus buselaphus,0.0,0.030303030303030304,0.030303030303030304
aerial,Eastern,2003,1,Diceros bicornis,0.0,0.0,0.0
aerial,Eastern,2003,1,Equus burchellii,0.372829417773238,0.5757575757575758,0.20292815798433778
aerial,Eastern,2003,1,Eudorcas thomsonii,0.05005107252298264,0.15151515151515152,0.10146407899216889
aerial,Eastern,2003,1,Giraffa camelopardalis,0.10214504596527069,0.030303030303030304,-0.07184201566224038
aerial,Eastern,2003,1,Kobus ellipsiprymnus,0.03575076608784474,0.0,-0.03575076608784474
aerial,Eastern,2003,1,Loxodonta africana,0.030643513789581207,0.0,-0.030643513789581207
aerial,Eastern,2003,1,Nanger granti,0.07252298263534218,0.030303030303030304,-0.04221995233231188
aerial,Eastern,2003,1,Oryx beisa,0.0,0.0,0.0
aerial,Eastern,2003,1,Phacochoerus africanus,0.0040858018386108275,0.12121212121212122,0.11712631937351038
aerial,Eastern,2003,1,Redunca redunca,0.0,0.0,0.0
aerial,Eastern,2003,1,Syncerus caffer,0.11338100102145046,0.030303030303030304,-0.08307797071842016
aerial,Eastern,2003,1,Taurotragus oryx,0.013278855975485188,0.0,-0.013278855975485188
aerial,Eastern,2003,1,Tragelaphus scriptus,0.0,0.0,0.0
aerial,Eastern,2005,1,Aepyceros melampus,0.16629874908020603,0.15384615384615385,-0.012452595234052177
aerial,Eastern,2005,1,Alcelaphus buselaphus,0.004415011037527594,0.0,-0.004415011037527594
aerial,Eastern,2005,1,Diceros bicornis,0.007358351729212656,0.0,-0.007358351729212656
aerial,Eastern,2005,1,Equus burchellii,0.31714495952906546,0.5384615384615384,0.22131657893247297
aerial,Eastern,2005,1,Eudorcas thomsonii,0.06254598969830757,0.07692307692307693,0.014377087224769353
aerial,Eastern,2005,1,Giraffa camelopardalis,0.061074319352465045,0.0,-0.061074319352465045
aerial,Eastern,2005,1,Kobus ellipsiprymnus,0.041206769683590876,0.0,-0.041206769683590876
aerial,Eastern,2005,1,Loxodonta africana,0.029433406916850625,0.0,-0.029433406916850625
aerial,Eastern,2005,1,Nanger granti,0.09345106696100074,0.0,-0.09345106696100074
aerial,Eastern,2005,1,Oryx beisa,0.0051508462104488595,0.07692307692307693,0.07177223071262807
aerial,Eastern,2005,1,Phacochoerus africanus,0.03090507726269316,0.07692307692307693,0.046017999660383765
aerial,Eastern,2005,1,Redunca redunca,0.0,0.0,0.0
aerial,Eastern,2005,1,Syncerus caffer,0.17880794701986755,0.07692307692307693,-0.10188487009679062
aerial,Eastern,2005,1,Taurotragus oryx,0.002207505518763797,0.0,-0.002207505518763797
aerial,Eastern,2005,1,Tragelaphus scriptus,0.0,0.0,0.0
aerial,Eastern,2006,1,Aepyceros melampus,0.1843207660083782,0.15384615384615385,-0.030474612162224357
aerial,Eastern,2006,1,Alcelaphus buselaphus,0.005385996409335727,0.0,-0.005385996409335727
aerial,Eastern,2006,1,Diceros bicornis,0.006582884500299222,0.0,-0.006582884500299222
aerial,Eastern,2006,1,Equus burchellii,0.16098144823459007,0.5384615384615384,0.3774800902269484
aerial,Eastern,2006,1,Eudorcas thomsonii,0.01376421304608019,0.07692307692307693,0.06315886387699673
aerial,Eastern,2006,1,Giraffa camelopardalis,0.03052064631956912,0.0,-0.03052064631956912
aerial,Eastern,2006,1,Kobus ellipsiprymnus,0.06941950927588271,0.0,-0.06941950927588271
aerial,Eastern,2006,1,Loxodonta africana,0.01436265709156194,0.0,-0.01436265709156194
aerial,Eastern,2006,1,Nanger granti,0.10173548773189707,0.0,-0.10173548773189707
aerial,Eastern,2006,1,Oryx beisa,0.0011968880909634949,0.07692307692307693,0.07572618883211343
aerial,Eastern,2006,1,Phacochoerus africanus,0.029922202274087373,0.07692307692307693,0.047000874648989555
aerial,Eastern,2006,1,Redunca redunca,0.0,0.0,0.0
aerial,Eastern,2006,1,Syncerus caffer,0.37881508078994613,0.07692307692307693,-0.3018920038668692
aerial,Eastern,2006,1,Taurotragus oryx,0.0023937761819269898,0.0,-0.0023937761819269898
aerial,Eastern,2006,1,Tragelaphus scriptus,0.0005984440454817474,0.0,-0.0005984440454817474
aerial,Eastern,2007,1,Aepyceros melampus,0.18706047819971872,0.08333333333333333,-0.10372714486638539
aerial,Eastern,2007,1,Alcelaphus buselaphus,0.008907641819034223,0.0,-0.008907641819034223
aerial,Eastern,2007,1,Diceros bicornis,0.008438818565400843,0.0,-0.008438818565400843
aerial,Eastern,2007,1,Equus burchellii,0.21190811064228784,0.375,0.16309188935771216
aerial,Eastern,2007,1,Eudorcas thomsonii,0.13220815752461323,0.20833333333333334,0.07612517580872011
aerial,Eastern,2007,1,Giraffa camelopardalis,0.034692920768870136,0.0,-0.034692920768870136
aerial,Eastern,2007,1,Kobus ellipsiprymnus,0.03609939052977028,0.0,-0.03609939052977028
aerial,Eastern,2007,1,Loxodonta africana,0.017815283638068447,0.0,-0.017815283638068447
aerial,Eastern,2007,1,Nanger granti,0.08813877168307548,0.0,-0.08813877168307548
aerial,Eastern,2007,1,Oryx beisa,0.003750586029067042,0.041666666666666664,0.037916080637599624
aerial,Eastern,2007,1,Phacochoerus africanus,0.046413502109704644,0.25,0.20358649789029537
aerial,Eastern,2007,1,Redunca redunca,0.0,0.0,0.0
aerial,Eastern,2007,1,Syncerus caffer,0.2226910454758556,0.041666666666666664,-0.18102437880918895
aerial,Eastern,2007,1,Taurotragus oryx,0.001875293014533521,0.0,-0.001875293014533521
aerial,Eastern,2007,1,Tragelaphus scriptus,0.0,0.0,0.0
aerial,Eastern,2008,1,Aepyceros melampus,0.17150063051702397,0.0,-0.17150063051702397
aerial,Eastern,2008,1,Alcelaphus buselaphus,0.005044136191677175,0.0,-0.005044136191677175
aerial,Eastern,2008,1,Diceros bicornis,0.005044136191677175,0.0,-0.005044136191677175
aerial,Eastern,2008,1,Equus burchellii,0.30668348045397226,0.18181818181818182,-0.12486529863579043
aerial,Eastern,2008,1,Eudorcas thomsonii,0.1064312736443884,0.36363636363636365,0.2572050899919752
aerial,Eastern,2008,1,Giraffa camelopardalis,0.023707440100882726,0.0,-0.023707440100882726
aerial,Eastern,2008,1,Kobus ellipsiprymnus,0.0244640605296343,0.0,-0.0244640605296343
aerial,Eastern,2008,1,Loxodonta africana,0.023707440100882726,0.0,-0.023707440100882726
aerial,Eastern,2008,1,Nanger granti,0.05372005044136192,0.0,-0.05372005044136192
aerial,Eastern,2008,1,Oryx beisa,0.003026481715006305,0.0,-0.003026481715006305
aerial,Eastern,2008,1,Phacochoerus africanus,0.036065573770491806,0.45454545454545453,0.41847988077496273
aerial,Eastern,2008,1,Redunca redunca,0.0,0.0,0.0
aerial,Eastern,2008,1,Syncerus caffer,0.2116015132408575,0.0,-0.2116015132408575
aerial,Eastern,2008,1,Taurotragus oryx,0.027994955863808322,0.0,-0.027994955863808322
aerial,Eastern,2008,1,Tragelaphus scriptus,0.001008827238335435,0.0,-0.001008827238335435
aerial,Eastern,2009,1,Aepyceros melampus,0.33470550981633945,0.0,-0.33470550981633945
aerial,Eastern,2009,1,Alcelaphus buselaphus,0.0383153894870171,0.0625,0.0241846105129829
aerial,Eastern,2009,1,Diceros bicornis,0.004116529449018366,0.0,-0.004116529449018366
aerial,Eastern,2009,1,Equus burchellii,0.10671310956301457,0.125,0.018286890436985434
aerial,Eastern,2009,1,Eudorcas thomsonii,0.19189360354654844,0.375,0.18310639645345156
aerial,Eastern,2009,1,Giraffa camelopardalis,0.018999366687777075,0.0,-0.018999366687777075
aerial,Eastern,2009,1,Kobus ellipsiprymnus,0.02881570614312856,0.0,-0.02881570614312856
aerial,Eastern,2009,1,Loxodonta africana,0.004749841671944269,0.0,-0.004749841671944269
aerial,Eastern,2009,1,Nanger granti,0.13362887903736542,0.0,-0.13362887903736542
aerial,Eastern,2009,1,Oryx beisa,0.00031665611146295124,0.0,-0.00031665611146295124
aerial,Eastern,2009,1,Phacochoerus africanus,0.043381887270424316,0.4375,0.3941181127295757
aerial,Eastern,2009,1,Redunca redunca,0.0015832805573147563,0.0,-0.0015832805573147563
aerial,Eastern,2009,1,Syncerus caffer,0.08074730842305257,0.0,-0.08074730842305257
aerial,Eastern,2009,1,Taurotragus oryx,0.011399620012666244,0.0,-0.011399620012666244
aerial,Eastern,2009,1,Tragelaphus scriptus,0.0006333122229259025,0.0,-0.0006333122229259025
aerial,Eastern,2010,1,Aepyceros melampus,0.2238311956971452,0.0,-0.2238311956971452
aerial,Eastern,2010,1,Alcelaphus buselaphus,0.02772031443938767,0.2,0.17227968556061235
aerial,Eastern,2010,1,Diceros bicornis,0.011584609019445594,0.0,-0.011584609019445594
aerial,Eastern,2010,1,Equus burchellii,0.22176251551510137,0.0,-0.22176251551510137
aerial,Eastern,2010,1,Eudorcas thomsonii,0.11625982623086471,0.4,0.2837401737691353
aerial,Eastern,2010,1,Giraffa camelopardalis,0.0244104261481175,0.0,-0.0244104261481175
aerial,Eastern,2010,1,Kobus ellipsiprymnus,0.04054613156805958,0.0,-0.04054613156805958
aerial,Eastern,2010,1,Loxodonta africana,0.007447248655357882,0.0,-0.007447248655357882
aerial,Eastern,2010,1,Nanger granti,0.09557302441042614,0.0,-0.09557302441042614
aerial,Eastern,2010,1,Oryx beisa,0.004964832436905255,0.0,-0.004964832436905255
aerial,Eastern,2010,1,Phacochoerus africanus,0.06909391808026479,0.4,0.33090608191973525
aerial,Eastern,2010,1,Redunca redunca,0.0,0.0,0.0
aerial,Eastern,2010,1,Syncerus caffer,0.15432354158047165,0.0,-0.15432354158047165
aerial,Eastern,2010,1,Taurotragus oryx,0.0024824162184526274,0.0,-0.0024824162184526274
aerial,Eastern,2010,1,Tragelaphus scriptus,0.0,0.0,0.0
aerial,Eastern,2012,1,Aepyceros melampus,0.3708450140168202,0.045454545454545456,-0.3253904685622747
aerial,Eastern,2012,1,Alcelaphus buselaphus,0.011613936724068883,0.0,-0.011613936724068883
aerial,Eastern,2012,1,Diceros bicornis,0.00961153384060873,0.0,-0.00961153384060873
aerial,Eastern,2012,1,Equus burchellii,0.14177012414897877,0.5909090909090909,0.44913896676011217
aerial,Eastern,2012,1,Eudorcas thomsonii,0.07889467360833,0.045454545454545456,-0.03344012815378454
aerial,Eastern,2012,1,Giraffa camelopardalis,0.012014417300760914,0.0,-0.012014417300760914
aerial,Eastern,2012,1,Kobus ellipsiprymnus,0.042851421706047256,0.045454545454545456,0.0026031237484981998
aerial,Eastern,2012,1,Loxodonta africana,0.012414897877452943,0.0,-0.012414897877452943
aerial,Eastern,2012,1,Nanger granti,0.07448938726471765,0.045454545454545456,-0.0290348418101722
aerial,Eastern,2012,1,Oryx beisa,0.005206247496996396,0.0,-0.005206247496996396
aerial,Eastern,2012,1,Phacochoerus africanus,0.06047256708049659,0.045454545454545456,-0.015018021625951138
aerial,Eastern,2012,1,Redunca redunca,0.0,0.0,0.0
aerial,Eastern,2012,1,Syncerus caffer,0.17981577893472167,0.18181818181818182,0.0020024028834601526
aerial,Eastern,2012,1,Taurotragus oryx,0.0,0.0,0.0
aerial,Eastern,2012,1,Tragelaphus scriptus,0.0,0.0,0.0
aerial,Eastern,2013,1,Aepyceros melampus,0.2959910078681154,0.08888888888888889,-0.20710211897922648
aerial,Eastern,2013,1,Alcelaphus buselaphus,0.03372049456725365,0.0,-0.03372049456725365
aerial,Eastern,2013,1,Diceros bicornis,0.012364181341326339,0.0,-0.012364181341326339
aerial,Eastern,2013,1,Equus burchellii,0.19482952416635443,0.4666666666666667,0.2718371425003122
aerial,Eastern,2013,1,Eudorcas thomsonii,0.06669164481079055,0.044444444444444446,-0.022247200366346108
aerial,Eastern,2013,1,Giraffa camelopardalis,0.008242787560884226,0.0,-0.008242787560884226
aerial,Eastern,2013,1,Kobus ellipsiprymnus,0.024353690520794304,0.022222222222222223,-0.002131468298572081
aerial,Eastern,2013,1,Loxodonta africana,0.015736230798051705,0.0,-0.015736230798051705
aerial,Eastern,2013,1,Nanger granti,0.06706631697264893,0.08888888888888889,0.021822571916239958
aerial,Eastern,2013,1,Oryx beisa,0.0029973772948669914,0.0,-0.0029973772948669914
aerial,Eastern,2013,1,Phacochoerus africanus,0.05919820157362308,0.1111111111111111,0.051912909537488026
aerial,Eastern,2013,1,Redunca redunca,0.0003746721618583739,0.0,-0.0003746721618583739
aerial,Eastern,2013,1,Syncerus caffer,0.20532034469838892,0.17777777777777778,-0.027542566920611133
aerial,Eastern,2013,1,Taurotragus oryx,0.013113525665043087,0.0,-0.013113525665043087
aerial,Eastern,2013,1,Tragelaphus scriptus,0.0,0.0,0.0
aerial,Eastern,2014,1,Aepyceros melampus,0.21962350256702795,0.08888888888888889,-0.13073461367813904
aerial,Eastern,2014,1,Alcelaphus buselaphus,0.01026811180832858,0.0,-0.01026811180832858
aerial,Eastern,2014,1,Diceros bicornis,0.005419281232173417,0.0,-0.005419281232173417
aerial,Eastern,2014,1,Equus burchellii,0.24957216200798632,0.4666666666666667,0.21709450465868035
aerial,Eastern,2014,1,Eudorcas thomsonii,0.09070165430690245,0.044444444444444446,-0.04625720986245801
aerial,Eastern,2014,1,Giraffa camelopardalis,0.015116942384483743,0.0,-0.015116942384483743
aerial,Eastern,2014,1,Kobus ellipsiprymnus,0.030233884768967486,0.022222222222222223,-0.008011662546745263
aerial,Eastern,2014,1,Loxodonta africana,0.014831717056474614,0.0,-0.014831717056474614
aerial,Eastern,2014,1,Nanger granti,0.03793496862521392,0.08888888888888889,0.05095392026367497
aerial,Eastern,2014,1,Oryx beisa,0.0019965772960638907,0.0,-0.0019965772960638907
aerial,Eastern,2014,1,Phacochoerus africanus,0.06588705077010838,0.1111111111111111,0.04522406034100272
aerial,Eastern,2014,1,Redunca redunca,0.0002852253280091272,0.0,-0.0002852253280091272
aerial,Eastern,2014,1,Syncerus caffer,0.24130062749572162,0.17777777777777778,-0.06352284971794384
aerial,Eastern,2014,1,Taurotragus oryx,0.016828294352538506,0.0,-0.016828294352538506
aerial,Eastern,2014,1,Tragelaphus scriptus,0.0,0.0,0.0
aerial,Eastern,2015,1,Aepyceros melampus,0.30086690464048954,0.13043478260869565,-0.1704321220317939
aerial,Eastern,2015,1,Alcelaphus buselaphus,0.02039775624681285,0.0,-0.02039775624681285
aerial,Eastern,2015,1,Diceros bicornis,0.010708822029576747,0.0,-0.010708822029576747
aerial,Eastern,2015,1,Equus burchellii,0.2065272819989801,0.34782608695652173,0.14129880495754163
aerial,Eastern,2015,1,Eudorcas thomsonii,0.12799592044875063,0.043478260869565216,-0.08451765957918542
aerial,Eastern,2015,1,Giraffa camelopardalis,0.04589495155532891,0.0,-0.04589495155532891
aerial,Eastern,2015,1,Kobus ellipsiprymnus,0.026517083120856707,0.0,-0.026517083120856707
aerial,Eastern,2015,1,Loxodonta africana,0.012748597654258032,0.0,-0.012748597654258032
aerial,Eastern,2015,1,Nanger granti,0.021927587965323816,0.13043478260869565,0.10850719464337183
aerial,Eastern,2015,1,Oryx beisa,0.0030596634370219276,0.0,-0.0030596634370219276
aerial,Eastern,2015,1,Phacochoerus africanus,0.017338092809790925,0.17391304347826086,0.15657495066846994
aerial,Eastern,2015,1,Redunca redunca,0.0,0.0,0.0
aerial,Eastern,2015,1,Syncerus caffer,0.196838347781744,0.17391304347826086,-0.022925304303483135
aerial,Eastern,2015,1,Taurotragus oryx,0.009178990311065782,0.0,-0.009178990311065782
aerial,Eastern,2015,1,Tragelaphus scriptus,0.0,0.0,0.0
aerial,Western,2005,1,Aepyceros melampus,0.09658773074771583,0.25,0.15341226925228418
aerial,Western,2005,1,Alcelaphus buselaphus,0.02368077568525079,0.0,-0.02368077568525079
aerial,Western,2005,1,Diceros bicornis,0.0,0.0,0.0
aerial,Western,2005,1,Equus burchellii,0.6315495058735783,0.5,-0.13154950587357828
aerial,Western,2005,1,Eudorcas thomsonii,0.06638075703897073,0.0,-0.06638075703897073
aerial,Western,2005,1,Giraffa camelopardalis,0.009136677232892038,0.0,-0.009136677232892038
aerial,Western,2005,1,Kobus ellipsiprymnus,0.0027969420100689914,0.0,-0.0027969420100689914
aerial,Western,2005,1,Loxodonta africana,0.022189073279880664,0.0,-0.022189073279880664
aerial,Western,2005,1,Nanger granti,0.11113182920007458,0.25,0.13886817079992542
aerial,Western,2005,1,Oryx beisa,0.0,0.0,0.0
aerial,Western,2005,1,Phacochoerus africanus,0.002237553608055193,0.0,-0.002237553608055193
aerial,Western,2005,1,Redunca redunca,0.0,0.0,0.0
aerial,Western,2005,1,Syncerus caffer,0.011374230840947231,0.0,-0.011374230840947231
aerial,Western,2005,1,Taurotragus oryx,0.02293492448256573,0.0,-0.02293492448256573
aerial,Western,2005,1,Tragelaphus scriptus,0.0,0.0,0.0
aerial,Western,2006,1,Aepyceros melampus,0.08933274802458296,0.25,0.16066725197541704
aerial,Western,2006,1,Alcelaphus buselaphus,0.026777875329236173,0.0,-0.026777875329236173
aerial,Western,2006,1,Diceros bicornis,0.0,0.0,0.0
aerial,Western,2006,1,Equus burchellii,0.5693590869183495,0.5,-0.06935908691834947
aerial,Western,2006,1,Eudorcas thomsonii,0.0840649692712906,0.0,-0.0840649692712906
aerial,Western,2006,1,Giraffa camelopardalis,0.012291483757682178,0.0,-0.012291483757682178
aerial,Western,2006,1,Kobus ellipsiprymnus,0.003511852502194908,0.0,-0.003511852502194908
aerial,Western,2006,1,Loxodonta africana,0.03753292361720808,0.0,-0.03753292361720808
aerial,Western,2006,1,Nanger granti,0.07352941176470588,0.25,0.1764705882352941
aerial,Western,2006,1,Oryx beisa,0.0,0.0,0.0
aerial,Western,2006,1,Phacochoerus africanus,0.0,0.0,0.0
aerial,Western,2006,1,Redunca redunca,0.00021949078138718174,0.0,-0.00021949078138718174
aerial,Western,2006,1,Syncerus caffer,0.06255487269534679,0.0,-0.06255487269534679
aerial,Western,2006,1,Taurotragus oryx,0.040825285338015806,0.0,-0.040825285338015806
aerial,Western,2006,1,Tragelaphus scriptus,0.0,0.0,0.0
aerial,Western,2007,1,Aepyceros melampus,0.13931581556767478,0.125,-0.014315815567674778
aerial,Western,2007,1,Alcelaphus buselaphus,0.018013551479094364,0.125,0.10698644852090564
aerial,Western,2007,1,Diceros bicornis,0.0013220955214014213,0.0,-0.0013220955214014213
aerial,Western,2007,1,Equus burchellii,0.5529664518261445,0.5,-0.052966451826144456
aerial,Western,2007,1,Eudorcas thomsonii,0.0851098991902165,0.0,-0.0851098991902165
aerial,Western,2007,1,Giraffa camelopardalis,0.009419930589985127,0.0,-0.009419930589985127
aerial,Western,2007,1,Kobus ellipsiprymnus,0.004296810444554619,0.0,-0.004296810444554619
aerial,Western,2007,1,Loxodonta africana,0.019500908940670962,0.0,-0.019500908940670962
aerial,Western,2007,1,Nanger granti,0.07585523054040655,0.125,0.04914476945959345
aerial,Western,2007,1,Oryx beisa,0.0,0.0,0.0
aerial,Western,2007,1,Phacochoerus africanus,0.0023136671624524874,0.125,0.12268633283754751
aerial,Western,2007,1,Redunca redunca,0.0,0.0,0.0
aerial,Western,2007,1,Syncerus caffer,0.05304908279623203,0.0,-0.05304908279623203
aerial,Western,2007,1,Taurotragus oryx,0.03883655594116675,0.0,-0.03883655594116675
aerial,Western,2007,1,Tragelaphus scriptus,0.0,0.0,0.0
aerial,Western,2008,1,Aepyceros melampus,0.2505047106325707,0.0,-0.2505047106325707
aerial,Western,2008,1,Alcelaphus buselaphus,0.013627187079407806,0.25,0.2363728129205922
aerial,Western,2008,1,Diceros bicornis,0.001009421265141319,0.0,-0.001009421265141319
aerial,Western,2008,1,Equus burchellii,0.41874158815612383,0.5,0.08125841184387617
aerial,Western,2008,1,Eudorcas thomsonii,0.08395020188425303,0.0,-0.08395020188425303
aerial,Western,2008,1,Giraffa camelopardalis,0.013122476446837146,0.0,-0.013122476446837146
aerial,Western,2008,1,Kobus ellipsiprymnus,0.008916554508748318,0.0,-0.008916554508748318
aerial,Western,2008,1,Loxodonta africana,0.0,0.0,0.0
aerial,Western,2008,1,Nanger granti,0.09959623149394348,0.0,-0.09959623149394348
aerial,Western,2008,1,Oryx beisa,0.0,0.0,0.0
aerial,Western,2008,1,Phacochoerus africanus,0.01059892328398385,0.25,0.23940107671601615
aerial,Western,2008,1,Redunca redunca,0.0,0.0,0.0
aerial,Western,2008,1,Syncerus caffer,0.08142664872139974,0.0,-0.08142664872139974
aerial,Western,2008,1,Taurotragus oryx,0.01850605652759085,0.0,-0.01850605652759085
aerial,Western,2008,1,Tragelaphus scriptus,0.0,0.0,0.0
aerial,Western,2009,1,Aepyceros melampus,0.19348394037190716,0.0,-0.19348394037190716
aerial,Western,2009,1,Alcelaphus buselaphus,0.015214384508990318,0.2,0.1847856154910097
aerial,Western,2009,1,Diceros bicornis,0.0038420162901490703,0.0,-0.0038420162901490703
aerial,Western,2009,1,Equus burchellii,0.34731827262947595,0.4,0.05268172737052407
aerial,Western,2009,1,Eudorcas thomsonii,0.15675426463808206,0.2,0.04324573536191795
aerial,Western,2009,1,Giraffa camelopardalis,0.01813431688950361,0.0,-0.01813431688950361
aerial,Western,2009,1,Kobus ellipsiprymnus,0.012755494083294914,0.0,-0.012755494083294914
aerial,Western,2009,1,Loxodonta africana,0.03242661748885815,0.0,-0.03242661748885815
aerial,Western,2009,1,Nanger granti,0.053173505455663135,0.0,-0.053173505455663135
aerial,Western,2009,1,Oryx beisa,0.0,0.0,0.0
aerial,Western,2009,1,Phacochoerus africanus,0.0027662517289073307,0.2,0.1972337482710927
aerial,Western,2009,1,Redunca redunca,0.0,0.0,0.0
aerial,Western,2009,1,Syncerus caffer,0.11387736284001844,0.0,-0.11387736284001844
aerial,Western,2009,1,Taurotragus oryx,0.049946211771937914,0.0,-0.049946211771937914
aerial,Western,2009,1,Tragelaphus scriptus,0.0003073613032119256,0.0,-0.0003073613032119256
aerial,Western,2010,1,Aepyceros melampus,0.20950943396226415,0.0,-0.20950943396226415
aerial,Western,2010,1,Alcelaphus buselaphus,0.00739622641509434,0.0,-0.00739622641509434
aerial,Western,2010,1,Diceros bicornis,0.0028679245283018866,0.0,-0.0028679245283018866
aerial,Western,2010,1,Equus burchellii,0.5077735849056604,0.0,-0.5077735849056604
aerial,Western,2010,1,Eudorcas thomsonii,0.07833962264150944,1.0,0.9216603773584906
aerial,Western,2010,1,Giraffa camelopardalis,0.01569811320754717,0.0,-0.01569811320754717
aerial,Western,2010,1,Kobus ellipsiprymnus,0.007547169811320755,0.0,-0.007547169811320755
aerial,Western,2010,1,Loxodonta africana,0.028830188679245285,0.0,-0.028830188679245285
aerial,Western,2010,1,Nanger granti,0.05252830188679245,0.0,-0.05252830188679245
aerial,Western,2010,1,Oryx beisa,0.0,0.0,0.0
aerial,Western,2010,1,Phacochoerus africanus,0.03139622641509434,0.0,-0.03139622641509434
aerial,Western,2010,1,Redunca redunca,0.0,0.0,0.0
aerial,Western,2010,1,Syncerus caffer,0.03471698113207547,0.0,-0.03471698113207547
aerial,Western,2010,1,Taurotragus oryx,0.02339622641509434,0.0,-0.02339622641509434
aerial,Western,2010,1,Tragelaphus scriptus,0.0,0.0,0.0
aerial,Western,2012,1,Aepyceros melampus,0.26079429735234216,0.047619047619047616,-0.21317524973329455
aerial,Western,2012,1,Alcelaphus buselaphus,0.0050916496945010185,0.0,-0.0050916496945010185
aerial,Western,2012,1,Diceros bicornis,0.002036659877800407,0.0,-0.002036659877800407
aerial,Western,2012,1,Equus burchellii,0.3884928716904277,0.6190476190476191,0.2305547473571914
aerial,Western,2012,1,Eudorcas thomsonii,0.08615071283095722,0.0,-0.08615071283095722
aerial,Western,2012,1,Giraffa camelopardalis,0.018024439918533607,0.09523809523809523,0.07721365531956162
aerial,Western,2012,1,Kobus ellipsiprymnus,0.0064154786150712835,0.0,-0.0064154786150712835
aerial,Western,2012,1,Loxodonta africana,0.028716904276985745,0.0,-0.028716904276985745
aerial,Western,2012,1,Nanger granti,0.06985743380855397,0.047619047619047616,-0.022238386189506354
aerial,Western,2012,1,Oryx beisa,0.0,0.0,0.0
aerial,Western,2012,1,Phacochoerus africanus,0.01904276985743381,0.047619047619047616,0.028576277761613807
aerial,Western,2012,1,Redunca redunca,0.0,0.0,0.0
aerial,Western,2012,1,Syncerus caffer,0.08024439918533605,0.09523809523809523,0.014993696052759187
aerial,Western,2012,1,Taurotragus oryx,0.03513238289205703,0.047619047619047616,0.012486664726990587
aerial,Western,2012,1,Tragelaphus scriptus,0.0,0.0,0.0
aerial,Western,2013,1,Aepyceros melampus,0.22487355725586824,0.03333333333333333,-0.19154022392253492
aerial,Western,2013,1,Alcelaphus buselaphus,0.0040202308390610815,0.0,-0.0040202308390610815
aerial,Western,2013,1,Diceros bicornis,0.00363117624173259,0.0,-0.00363117624173259
aerial,Western,2013,1,Equus burchellii,0.3510569316560757,0.6166666666666667,0.265609735010591
aerial,Western,2013,1,Eudorcas thomsonii,0.094929321748152,0.0,-0.094929321748152
aerial,Western,2013,1,Giraffa camelopardalis,0.018933990403319934,0.03333333333333333,0.014399342930013399
aerial,Western,2013,1,Kobus ellipsiprymnus,0.009207625470107639,0.0,-0.009207625470107639
aerial,Western,2013,1,Loxodonta africana,0.022565166645052523,0.0,-0.022565166645052523
aerial,Western,2013,1,Nanger granti,0.05770976527039295,0.016666666666666666,-0.04104309860372628
aerial,Western,2013,1,Oryx beisa,0.00025936973155232785,0.016666666666666666,0.01640729693511434
aerial,Western,2013,1,Phacochoerus africanus,0.035793022954221244,0.11666666666666667,0.08087364371244543
aerial,Western,2013,1,Redunca redunca,0.00012968486577616392,0.0,-0.00012968486577616392
aerial,Western,2013,1,Syncerus caffer,0.1488782259110362,0.13333333333333333,-0.015544892577702862
aerial,Western,2013,1,Taurotragus oryx,0.028011931007651408,0.03333333333333333,0.005321402325681925
aerial,Western,2013,1,Tragelaphus scriptus,0.0,0.0,0.0
aerial,Western,2014,1,Aepyceros melampus,0.20860617399438727,0.03333333333333333,-0.17527284066105395
aerial,Western,2014,1,Alcelaphus buselaphus,0.011225444340505144,0.0,-0.011225444340505144
aerial,Western,2014,1,Diceros bicornis,0.003585905830994699,0.0,-0.003585905830994699
aerial,Western,2014,1,Equus burchellii,0.3559401309635173,0.6166666666666667,0.2607265357031494
aerial,Western,2014,1,Eudorcas thomsonii,0.09619582164016215,0.0,-0.09619582164016215
aerial,Western,2014,1,Giraffa camelopardalis,0.02432179607109448,0.03333333333333333,0.009011537262238852
aerial,Western,2014,1,Kobus ellipsiprymnus,0.011381353289678828,0.0,-0.011381353289678828
aerial,Western,2014,1,Loxodonta africana,0.0205799812909261,0.0,-0.0205799812909261
aerial,Western,2014,1,Nanger granti,0.061116308076083564,0.016666666666666666,-0.0444496414094169
aerial,Western,2014,1,Oryx beisa,0.0,0.016666666666666666,0.016666666666666666
aerial,Western,2014,1,Phacochoerus africanus,0.05222949797318366,0.11666666666666667,0.06443716869348301
aerial,Western,2014,1,Redunca redunca,0.0,0.0,0.0
aerial,Western,2014,1,Syncerus caffer,0.13376987839101964,0.13333333333333333,-0.0004365450576863106
aerial,Western,2014,1,Taurotragus oryx,0.021047708138447148,0.03333333333333333,0.012285625194886185
aerial,Western,2014,1,Tragelaphus scriptus,0.0,0.0,0.0
aerial,Western,2015,1,Aepyceros melampus,0.20386125654450263,0.02564102564102564,-0.178220230903477
aerial,Western,2015,1,Alcelaphus buselaphus,0.004417539267015707,0.0,-0.004417539267015707
aerial,Western,2015,1,Diceros bicornis,0.003926701570680628,0.0,-0.003926701570680628
aerial,Western,2015,1,Equus burchellii,0.3646924083769634,0.6153846153846154,0.25069220700765205
aerial,Western,2015,1,Eudorcas thomsonii,0.03861256544502618,0.0,-0.03861256544502618
aerial,Western,2015,1,Giraffa camelopardalis,0.020287958115183247,0.0,-0.020287958115183247
aerial,Western,2015,1,Kobus ellipsiprymnus,0.011452879581151832,0.0,-0.011452879581151832
aerial,Western,2015,1,Loxodonta africana,0.03550392670157068,0.0,-0.03550392670157068
aerial,Western,2015,1,Nanger granti,0.03910340314136126,0.0,-0.03910340314136126
aerial,Western,2015,1,Oryx beisa,0.0,0.02564102564102564,0.02564102564102564
aerial,Western,2015,1,Phacochoerus africanus,0.026341623036649213,0.15384615384615385,0.12750453080950463
aerial,Western,2015,1,Redunca redunca,0.0,0.0,0.0
aerial,Western,2015,1,Syncerus caffer,0.22071335078534032,0.15384615384615385,-0.06686719693918647
aerial,Western,2015,1,Taurotragus oryx,0.030922774869109947,0.02564102564102564,-0.005281749228084307
aerial,Western,2015,1,Tragelaphus scriptus,0.0001636125654450262,0.0,-0.0001636125654450262
ground,Eastern,1997,1,Aepyceros melampus,0.15824050271351042,0.12,-0.03824050271351043
ground,Eastern,1997,1,Alcelaphus buselaphus,0.01599542987717795,0.0,-0.01599542987717795
ground,Eastern,1997,1,Diceros bicornis,0.006283918880319908,0.0,-0.006283918880319908
ground,Eastern,1997,1,Equus burchellii,0.3019137389317338,0.4,0.09808626106826623
ground,Eastern,1997,1,Eudorcas thomsonii,0.05141388174807198,0.0,-0.05141388174807198
ground,Eastern,1997,1,Giraffa camelopardalis,0.05969722936303913,0.04,-0.01969722936303913
ground,Eastern,1997,1,Kobus ellipsiprymnus,0.1176806626678092,0.2,0.08231933733219081
ground,Eastern,1997,1,Loxodonta africana,0.022850614110254214,0.0,-0.022850614110254214
ground,Eastern,1997,1,Nanger granti,0.042273636103970294,0.04,-0.002273636103970293
ground,Eastern,1997,1,Oryx beisa,0.01456726649528706,0.0,-0.01456726649528706
ground,Eastern,1997,1,Phacochoerus africanus,0.1391031133961725,0.12,-0.019103113396172516
ground,Eastern,1997,1,Redunca redunca,0.0014281633818908884,0.04,0.03857183661810911
ground,Eastern,1997,1,Syncerus caffer,0.060268494715795484,0.0,-0.060268494715795484
ground,Eastern,1997,1,Taurotragus oryx,0.008283347614967152,0.04,0.03171665238503285
ground,Eastern,1998,1,Aepyceros melampus,0.13850415512465375,0.12,-0.018504155124653754
ground,Eastern,1998,1,Alcelaphus buselaphus,0.018836565096952907,0.0,-0.018836565096952907
ground,Eastern,1998,1,Diceros bicornis,0.006094182825484765,0.0,-0.006094182825484765
ground,Eastern,1998,1,Equus burchellii,0.28919667590027703,0.4,0.11080332409972299
ground,Eastern,1998,1,Eudorcas thomsonii,0.055401662049861494,0.0,-0.055401662049861494
ground,Eastern,1998,1,Giraffa camelopardalis,0.07534626038781163,0.04,-0.03534626038781163
ground,Eastern,1998,1,Kobus ellipsiprymnus,0.10858725761772853,0.2,0.09141274238227148
ground,Eastern,1998,1,Loxodonta africana,0.024653739612188367,0.0,-0.024653739612188367
ground,Eastern,1998,1,Nanger granti,0.045706371191135735,0.04,-0.005706371191135734
ground,Eastern,1998,1,Oryx beisa,0.014404432132963989,0.0,-0.014404432132963989
ground,Eastern,1998,1,Phacochoerus africanus,0.10581717451523545,0.12,0.014182825484764544
ground,Eastern,1998,1,Redunca redunca,0.004155124653739612,0.04,0.03584487534626039
ground,Eastern,1998,1,Syncerus caffer,0.09916897506925208,0.0,-0.09916897506925208
ground,Eastern,1998,1,Taurotragus oryx,0.014127423822714681,0.04,0.02587257617728532
ground,Eastern,1999,1,Aepyceros melampus,0.187551867219917,0.12,-0.06755186721991702
ground,Eastern,1999,1,Alcelaphus buselaphus,0.009405255878284923,0.0,-0.009405255878284923
ground,Eastern,1999,1,Diceros bicornis,0.007192254495159059,0.0,-0.007192254495159059
ground,Eastern,1999,1,Equus burchellii,0.21798063623789765,0.4,0.18201936376210237
ground,Eastern,1999,1,Eudorcas thomsonii,0.07053941908713693,0.0,-0.07053941908713693
ground,Eastern,1999,1,Giraffa camelopardalis,0.05421853388658368,0.04,-0.01421853388658368
ground,Eastern,1999,1,Kobus ellipsiprymnus,0.09100968188105117,0.2,0.10899031811894884
ground,Eastern,1999,1,Loxodonta africana,0.03734439834024896,0.0,-0.03734439834024896
ground,Eastern,1999,1,Nanger granti,0.021300138312586446,0.04,0.018699861687413555
ground,Eastern,1999,1,Oryx beisa,0.01632088520055325,0.0,-0.01632088520055325
ground,Eastern,1999,1,Phacochoerus africanus,0.14495159059474413,0.12,-0.02495159059474414
ground,Eastern,1999,1,Redunca redunca,0.0008298755186721991,0.04,0.039170124481327805
ground,Eastern,1999,1,Syncerus caffer,0.12033195020746888,0.0,-0.12033195020746888
ground,Eastern,1999,1,Taurotragus oryx,0.021023513139695714,0.04,0.018976486860304287
ground,Eastern,2001,1,Aepyceros melampus,0.06926257753273604,0.043478260869565216,-0.025784316663170825
ground,Eastern,2001,1,Alcelaphus buselaphus,0.010682288077188146,0.0,-0.010682288077188146
ground,Eastern,2001,1,Diceros bicornis,0.0,0.0,0.0
ground,Eastern,2001,1,Equus burchellii,0.43314955203308064,0.5652173913043478,0.13206783927126714
ground,Eastern,2001,1,Eudorcas thomsonii,0.11026878015161957,0.21739130434782608,0.1071225241962065
ground,Eastern,2001,1,Giraffa camelopardalis,0.057546519641626465,0.043478260869565216,-0.014068258772061248
ground,Eastern,2001,1,Kobus ellipsiprymnus,0.028945554789800137,0.0,-0.028945554789800137
ground,Eastern,2001,1,Loxodonta africana,0.004824259131633356,0.0,-0.004824259131633356
ground,Eastern,2001,1,Nanger granti,0.06891798759476224,0.0,-0.06891798759476224
ground,Eastern,2001,1,Oryx beisa,0.009648518263266712,0.0,-0.009648518263266712
ground,Eastern,2001,1,Phacochoerus africanus,0.09407305306685045,0.13043478260869565,0.0363617295418452
ground,Eastern,2001,1,Redunca redunca,0.0010337698139214334,0.0,-0.0010337698139214334
ground,Eastern,2001,1,Syncerus caffer,0.09614059269469331,0.0,-0.09614059269469331
ground,Eastern,2001,1,Taurotragus oryx,0.015506547208821502,0.0,-0.015506547208821502
ground,Eastern,2002,1,Aepyceros melampus,0.09124537607891492,0.030303030303030304,-0.060942345775884615
ground,Eastern,2002,1,Alcelaphus buselaphus,0.02096177558569667,0.030303030303030304,0.009341254717333634
ground,Eastern,2002,1,Diceros bicornis,0.0,0.0,0.0
ground,Eastern,2002,1,Equus burchellii,0.21701602959309493,0.5757575757575758,0.35874154616448084
ground,Eastern,2002,1,Eudorcas thomsonii,0.16646115906288533,0.15151515151515152,-0.014946007547733814
ground,Eastern,2002,1,Giraffa camelopardalis,0.09617755856966707,0.030303030303030304,-0.06587452826663677
ground,Eastern,2002,1,Kobus ellipsiprymnus,0.035758323057953144,0.0,-0.035758323057953144
ground,Eastern,2002,1,Loxodonta africana,0.0012330456226880395,0.0,-0.0012330456226880395
ground,Eastern,2002,1,Nanger granti,0.10110974106041924,0.030303030303030304,-0.07080671075738894
ground,Eastern,2002,1,Oryx beisa,0.027127003699136867,0.0,-0.027127003699136867
ground,Eastern,2002,1,Phacochoerus africanus,0.20838471023427868,0.12121212121212122,-0.08717258902215747
ground,Eastern,2002,1,Redunca redunca,0.006165228113440197,0.0,-0.006165228113440197
ground,Eastern,2002,1,Syncerus caffer,0.016029593094944512,0.030303030303030304,0.014273437208085792
ground,Eastern,2002,1,Taurotragus oryx,0.012330456226880395,0.0,-0.012330456226880395
ground,Eastern,2003,1,Aepyceros melampus,0.10658379373848988,0.030303030303030304,-0.07628076343545957
ground,Eastern,2003,1,Alcelaphus buselaphus,0.003913443830570903,0.030303030303030304,0.0263895864724594
ground,Eastern,2003,1,Diceros bicornis,0.0,0.0,0.0
ground,Eastern,2003,1,Equus burchellii,0.3683241252302026,0.5757575757575758,0.20743345052737322
ground,Eastern,2003,1,Eudorcas thomsonii,0.062154696132596686,0.15151515151515152,0.08936045538255483
ground,Eastern,2003,1,Giraffa camelopardalis,0.017265193370165747,0.030303030303030304,0.013037836932864557
ground,Eastern,2003,1,Kobus ellipsiprymnus,0.011970534069981584,0.0,-0.011970534069981584
ground,Eastern,2003,1,Loxodonta africana,0.007596685082872928,0.0,-0.007596685082872928
ground,Eastern,2003,1,Nanger granti,0.10128913443830571,0.030303030303030304,-0.07098610413527541
ground,Eastern,2003,1,Oryx beisa,0.006906077348066298,0.0,-0.006906077348066298
ground,Eastern,2003,1,Phacochoerus africanus,0.06537753222836096,0.12121212121212122,0.05583458898376026
ground,Eastern,2003,1,Redunca redunca,0.0,0.0,0.0
ground,Eastern,2003,1,Syncerus caffer,0.23756906077348067,0.030303030303030304,-0.20726603047045036
ground,Eastern,2003,1,Taurotragus oryx,0.011049723756906077,0.0,-0.011049723756906077
